"Asset Amount","Asset Name","Received Date","Date Sold","Proceeds (USD)","Cost Basis (USD)","Gain (USD)","Type"
0.00084000,BTC,12/08/2021,04/11/2022,34.19096688,42.09761648,-7.90664960,Short Term
0.00200206,BTC,12/08/2021,05/04/2022,79.25798853,100.33565959,-21.07767106,Short Term
0.00000206,BTC,12/08/2021,05/04/2022,0.08163573,0.10323939,-0.02160366,Short Term
0.00000439,BTC,12/08/2021,05/12/2022,0.12782322,0.22001016,-0.09218694,Short Term
0.00028333,BTC,12/14/2021,05/12/2022,8.24969331,13.47640275,-5.22670944,Short Term
0.00047700,BTC,04/08/2022,05/12/2022,13.88876473,20.90804816,-7.01928343,Short Term
0.00084203,BTC,04/11/2022,05/12/2022,24.51730936,34.68798132,-10.17067196,Short Term
0.00084258,BTC,04/12/2022,05/12/2022,24.53332366,34.45966334,-9.92633968,Short Term
0.00004361,BTC,05/05/2022,05/12/2022,1.26978832,1.61378913,-0.34400081,Short Term
0.00037443,BTC,05/06/2022,05/12/2022,10.90224356,13.68684095,-2.78459739,Short Term
0.00051125,BTC,05/09/2022,05/12/2022,14.88601880,16.03274274,-1.14672394,Short Term
0.00052454,BTC,05/09/2022,05/12/2022,15.27298249,16.03234270,-0.75936020,Short Term
0.00000587,BTC,05/11/2022,05/12/2022,0.17114426,0.17218354,-0.00103927,Short Term
0.00050271,BTC,05/11/2022,05/12/2022,14.63736041,14.74589189,-0.10853148,Short Term
0.00008142,BTC,05/11/2022,12/30/2022,1.34831468,2.38827658,-1.03996189,Short Term
0.00115831,BTC,05/12/2022,12/30/2022,19.18160622,30.12347318,-10.94186696,Short Term
0.00000793,BTC,07/04/2022,12/30/2022,0.13159268,0.00000000,0.13159268,Short Term
0.00004624,BTC,07/18/2022,07/18/2022,0.98256914,0.98256914,0.00000000,Short Term
0.00018730,BTC,07/18/2022,12/30/2022,3.10168681,3.98000000,-0.87831319,Short Term
0.00099578,BTC,08/29/2022,12/30/2022,16.49011046,20.00000000,-3.50988954,Short Term
0.00125792,BTC,09/05/2022,12/30/2022,20.83114719,25.00000000,-4.16885281,Short Term
0.00052109,BTC,09/06/2022,12/30/2022,8.62924708,10.00000000,-1.37075292,Short Term
0.00052603,BTC,09/07/2022,12/30/2022,8.71105345,10.00000000,-1.28894655,Short Term
0.00036912,BTC,09/20/2022,12/30/2022,6.11262485,7.02000000,-0.90737515,Short Term
0.00100204,BTC,11/08/2022,12/30/2022,16.59377602,20.00000000,-3.40622398,Short Term
0.00116114,BTC,11/09/2022,12/30/2022,19.22847101,20.00000000,-0.77152899,Short Term
0.00124382,BTC,11/09/2022,12/30/2022,20.59765128,20.00000000,0.59765128,Short Term
0.00123904,BTC,11/14/2022,12/30/2022,20.51849451,20.00000000,0.51849451,Short Term
0.00124125,BTC,11/21/2022,12/30/2022,20.55509210,19.70066105,0.85443104,Short Term
0.00001886,BTC,11/21/2022,12/30/2022,0.31296820,0.29933895,0.01362926,Short Term
0.00087719,BTC,12/02/2022,12/30/2022,14.52626081,15.00000000,-0.47373919,Short Term
0.00110298,BTC,12/29/2022,12/30/2022,18.26534178,20.00000000,-1.73465822,Short Term
26.55000000,XTZ,01/04/2022,01/04/2022,122.04769500,124.96023000,-2.91253500,Short Term
0.00139919,BNB,12/25/2021,01/09/2022,0.62638961,0.77955274,-0.15316313,Short Term
0.13000000,BNB,01/09/2022,01/09/2022,48.50116089,58.99955378,-10.49839289,Short Term
0.02000000,BNB,01/09/2022,01/09/2022,8.81839289,0.00000000,8.81839289,Short Term
0.00007500,BNB,01/09/2022,01/09/2022,0.03306897,0.03306897,0.00000000,Short Term
0.00010500,BNB,01/09/2022,01/09/2022,0.04629656,0.04629656,0.00000000,Short Term
0.00061134,BNB,01/09/2022,01/09/2022,0.27707166,0.26981928,0.00725239,Short Term
0.04860081,BNB,01/09/2022,01/09/2022,21.75755092,21.45031300,0.30723793,Short Term
0.04987527,BNB,01/09/2022,01/09/2022,21.56350732,22.01280649,-0.44929918,Short Term
0.00098423,BNB,01/09/2022,01/09/2022,0.43396414,0.43439474,-0.00043060,Short Term
0.00098423,BNB,01/09/2022,01/09/2022,0.43396414,0.43439474,-0.00043060,Short Term
0.00064193,BNB,01/09/2022,01/09/2022,0.28303734,0.28331819,-0.00028084,Short Term
0.00122645,BNB,01/09/2022,01/09/2022,0.54076590,0.54130247,-0.00053658,Short Term
0.00010000,BNB,01/09/2022,01/09/2022,0.00000000,0.54080965,-0.54080965,Short Term
0.00060209,BNB,01/09/2022,01/17/2022,0.28676590,0.26573452,0.02103138,Short Term
0.00096455,BNB,01/09/2022,01/17/2022,0.45940127,0.42570883,0.03369244,Short Term
0.00085488,BNB,01/09/2022,01/18/2022,0.40359742,0.37769040,0.02590702,Short Term
0.00035674,BNB,01/09/2022,01/18/2022,0.16902107,0.15761025,0.01141082,Short Term
0.00055245,BNB,01/17/2022,01/17/2022,0.26312534,0.26312534,0.00000000,Short Term
0.00011158,BNB,01/17/2022,01/17/2022,0.05314422,0.05314422,0.00000000,Short Term
0.04998081,BNB,01/17/2022,01/18/2022,23.59654077,23.82952766,-0.23298688,Short Term
0.04968903,BNB,01/17/2022,01/18/2022,23.45878753,23.69041427,-0.23162674,Short Term
0.00010500,BNB,01/18/2022,01/18/2022,0.04974831,0.00000000,0.04974831,Short Term
0.01000000,MANA,10/09/2021,11/15/2022,0.00440348,0.00860352,-0.00420004,Long Term
19.33000000,MANA,10/09/2021,11/15/2022,8.51192189,16.63060436,-8.11868246,Long Term
11.70787985,MANA,10/09/2021,11/15/2022,5.15553848,10.07289796,-4.91735948,Long Term
5.47000000,MANA,11/12/2021,11/15/2022,2.40870216,17.78400930,-15.37530714,Long Term
0.19000000,MANA,11/16/2021,11/15/2022,0.08366607,0.62195610,-0.53829003,Short Term
7.05298929,MANA,11/26/2021,11/15/2022,3.10576792,35.00000000,-31.89423208,Short Term
61.51271686,ZRX,07/02/2021,01/17/2022,43.72311304,51.07124881,-7.34813577,Short Term
45.31703246,ZRX,07/02/2021,11/15/2022,8.02096808,37.62469873,-29.60373065,Long Term
2.82860622,ZRX,07/03/2021,11/15/2022,0.50065415,2.48346241,-1.98280827,Long Term
48.16071395,ZRX,07/03/2021,11/15/2022,8.52429050,42.28418999,-33.75989949,Long Term
24.22051113,ZRX,07/03/2021,11/15/2022,4.28695208,21.26514768,-16.97819559,Long Term
50.00000000,ZRX,07/03/2021,11/15/2022,8.84983818,43.89904813,-35.04920995,Long Term
4.66728983,ZRX,07/03/2021,11/15/2022,0.82609519,4.09779162,-3.27169642,Long Term
3.28359282,ZRX,07/03/2021,11/15/2022,0.58118530,2.88293198,-2.30174668,Long Term
1.83928605,ZRX,07/03/2021,11/15/2022,0.32554768,1.61485814,-1.28931046,Long Term
15.00000000,ZRX,07/03/2021,11/15/2022,2.65495145,13.16971444,-10.51476299,Long Term
3.31957174,ZRX,09/18/2021,04/21/2022,3.63327127,3.74539115,-0.11211988,Short Term
11.68042826,ZRX,09/20/2021,04/21/2022,12.78422873,11.39437682,1.38985191,Short Term
8.42042826,ZRX,09/20/2021,11/15/2022,1.49038855,8.21421360,-6.72382505,Long Term
10.65228191,ZRX,09/20/2021,11/15/2022,1.88541942,10.39140958,-8.50599016,Long Term
18.22000000,ZRX,09/27/2021,11/15/2022,3.22488103,17.66328593,-14.43840490,Long Term
0.00692568,ZRX,09/27/2021,11/15/2022,0.00122582,0.00671407,-0.00548824,Long Term
8.88087528,ZRX,09/28/2021,11/15/2022,1.57188618,8.64000000,-7.06811382,Long Term
5.21384672,ZRX,09/28/2021,11/15/2022,0.92283399,4.57531099,-3.65247699,Long Term
9.78615328,ZRX,09/28/2021,11/15/2022,1.73211746,8.59081783,-6.85870038,Long Term
35.77948887,ZRX,09/28/2021,11/15/2022,6.33285373,31.40918217,-25.07632844,Long Term
0.47395601,ZRX,12/04/2021,01/17/2022,0.33688696,0.41613116,-0.07924420,Short Term
10.00000000,ZRX,12/04/2021,11/15/2022,1.76996764,8.77995316,-7.00998552,Short Term
18.00000000,ZRX,12/04/2021,11/15/2022,3.18594174,15.80391568,-12.61797394,Short Term
30.12000000,ZRX,12/05/2021,11/15/2022,5.33114252,25.14467328,-19.81353076,Short Term
0.00153000,ZRX,12/05/2021,11/15/2022,0.00027081,0.00127727,-0.00100646,Short Term
44.50000000,ZRX,12/05/2021,11/15/2022,7.87635598,37.01957848,-29.14322250,Short Term
0.00561000,ZRX,12/05/2021,11/15/2022,0.00099295,0.00466696,-0.00367401,Short Term
2.39640982,ZRX,12/06/2021,11/15/2022,0.42415678,1.94000000,-1.51584322,Short Term
2.67500501,ZRX,12/06/2021,11/15/2022,0.47346723,2.20000000,-1.72653277,Short Term
1.67097626,ZRX,12/06/2021,11/15/2022,0.29575739,1.35000000,-1.05424261,Short Term
30.91513000,ZRX,12/11/2021,11/15/2022,5.47187795,25.98534649,-20.51346853,Short Term
28.62346000,ZRX,12/12/2021,11/15/2022,5.06625978,24.14505892,-19.07879914,Short Term
22.55000000,ZRX,12/14/2021,11/15/2022,3.99127702,17.14300497,-13.15172796,Short Term
0.00118000,ZRX,12/14/2021,11/15/2022,0.00020886,0.00089706,-0.00068821,Short Term
25.70801000,ZRX,12/14/2021,11/15/2022,4.55023457,20.00319383,-15.45295927,Short Term
11.10000000,ADA,12/02/2021,01/09/2022,13.07116575,19.49144460,-6.42027885,Short Term
0.03750000,ADA,01/04/2022,01/04/2022,0.05001375,0.05001375,0.00000000,Short Term
37.40000000,ADA,01/04/2022,01/04/2022,50.09208000,49.93031031,0.16176969,Short Term
2.00948600,ADA,07/18/2022,07/18/2022,1.23307887,1.23307887,0.00000000,Short Term
21.37460000,AUST,01/08/2022,04/05/2022,0.00000000,0.00000000,0.00000000,Short Term
0.00000001,ETH,07/19/2021,09/09/2022,0.00001029,0.00001305,-0.00000276,Long Term
0.00202208,ETH,07/20/2021,01/17/2022,6.50280012,4.74378662,1.75901350,Short Term
0.00548093,ETH,07/20/2021,01/17/2022,17.62612815,12.80643897,4.81968917,Short Term
0.00405391,ETH,12/13/2021,05/12/2022,7.45421761,15.84781091,-8.39359330,Short Term
0.00657252,ETH,12/14/2021,05/12/2022,12.08536804,25.02386102,-12.93849298,Short Term
0.00071143,ETH,12/14/2021,05/12/2022,1.30815781,2.70991797,-1.40176016,Short Term
0.00449406,ETH,12/14/2021,05/12/2022,8.26355326,17.13726911,-8.87371584,Short Term
0.01051877,ETH,12/14/2021,05/12/2022,19.34162342,40.20562424,-20.86400082,Short Term
0.00622000,ETH,12/24/2021,01/17/2022,10.57608472,25.28147578,-14.70539107,Short Term
0.00493438,ETH,12/28/2021,01/09/2022,15.59277555,21.16727945,-5.57450389,Short Term
0.01507923,ETH,12/28/2021,01/09/2022,47.65081978,64.68625260,-17.03543282,Short Term
0.00557139,ETH,12/28/2021,01/17/2022,9.47323617,23.89993045,-14.42669428,Short Term
0.00210000,ETH,01/09/2022,01/16/2022,7.05321033,7.01820000,0.03501033,Short Term
0.00390000,ETH,01/09/2022,01/17/2022,12.94719564,13.03380000,-0.08660436,Short Term
0.00312378,ETH,01/09/2022,01/17/2022,10.04577331,11.28372970,-1.23795639,Short Term
0.00087622,ETH,01/09/2022,01/17/2022,2.81783023,3.16507586,-0.34724564,Short Term
0.00100000,ETH,01/12/2022,05/12/2022,1.83877235,3.39385250,-1.55508015,Short Term
0.00641217,ETH,01/12/2022,05/12/2022,11.79052089,21.76215347,-9.97163258,Short Term
0.01574456,ETH,01/16/2022,01/17/2022,26.77102316,59.86110753,-33.09008437,Short Term
0.00525544,ETH,01/16/2022,01/17/2022,16.90098519,19.98129724,-3.08031205,Short Term
0.00187500,ETH,01/17/2022,01/17/2022,6.22461329,6.62942404,-0.40481075,Short Term
0.00802405,ETH,01/17/2022,01/17/2022,13.64357437,47.54238489,-33.89881052,Short Term
0.00396900,ETH,01/17/2022,01/17/2022,13.18080913,13.18378919,-0.00298006,Short Term
0.00934952,ETH,01/17/2022,01/17/2022,30.06712962,44.23701994,-14.16989032,Short Term
0.00228900,ETH,01/17/2022,01/17/2022,7.37962641,7.39473140,-0.01510499,Short Term
0.00336410,ETH,01/17/2022,01/17/2022,10.81862115,13.05529161,-2.23667047,Short Term
0.00067427,ETH,05/12/2022,09/09/2022,1.15651733,1.33362728,-0.17710996,Short Term
0.00304803,ETH,05/12/2022,09/09/2022,5.22802177,6.02864506,-0.80062329,Short Term
0.00082328,ETH,05/12/2022,09/09/2022,1.41209706,1.62834669,-0.21624963,Short Term
0.00097431,ETH,05/12/2022,11/09/2022,1.07695856,1.92706888,-0.85011032,Short Term
0.00243600,ETH,05/12/2022,05/12/2022,4.81811440,0.00000000,4.81811440,Short Term
0.00087314,ETH,05/12/2022,05/12/2022,1.60550569,0.00000000,1.60550569,Short Term
0.01564171,ETH,09/11/2022,11/21/2022,17.25000000,27.86000000,-10.61000000,Short Term
0.35220300,LUNA,07/11/2021,01/08/2022,23.49089351,2.97434422,20.51654929,Short Term
0.00271500,LUNA,07/11/2021,01/08/2022,0.18231993,0.02292810,0.15939183,Short Term
0.00733600,LUNA,07/11/2021,01/09/2022,0.54713267,0.06195231,0.48518036,Short Term
1.91022900,LUNA,07/11/2021,05/17/2022,0.00035980,16.13182904,-16.13146924,Short Term
0.76344500,LUNA,07/21/2021,05/17/2022,0.00014380,5.04589084,-5.04574704,Short Term
2.94155500,LUNA,07/21/2021,05/17/2022,0.00055406,19.44182675,-19.44127270,Short Term
0.03775800,LUNA,01/08/2022,01/08/2022,2.53555649,2.53555649,0.00000000,Short Term
0.04779700,LUNA,01/08/2022,01/08/2022,3.18791787,3.20970373,-0.02178586,Short Term
0.00013300,LUNA,01/09/2022,01/09/2022,0.00991939,0.00991939,0.00000000,Short Term
0.00438600,LUNA,01/17/2022,01/18/2022,0.35536895,0.34508045,0.01028851,Short Term
0.00500900,LUNA,01/17/2022,01/18/2022,0.40584658,0.39409666,0.01174992,Short Term
0.00646800,LUNA,01/17/2022,01/18/2022,0.52405982,0.50888744,0.01517238,Short Term
0.00747700,LUNA,01/17/2022,01/18/2022,0.60581251,0.58827325,0.01753925,Short Term
0.80966000,LUNA,01/17/2022,05/17/2022,0.00015250,63.70219645,-63.70204394,Short Term
0.01500000,LUNA,01/18/2022,01/18/2022,1.23478736,0.03500000,1.19978736,Short Term
0.10500000,LUNA,01/18/2022,05/17/2022,0.00001978,0.24968640,-0.24966662,Short Term
0.00236400,LUNA,01/18/2022,01/18/2022,0.19153949,0.19153949,0.00000000,Short Term
0.00173100,LUNA,01/18/2022,01/18/2022,0.14025163,0.14025163,0.00000000,Short Term
0.00000100,LUNA,01/18/2022,01/18/2022,0.00008102,0.00008102,0.00000000,Short Term
0.01500000,LUNA,03/12/2022,03/12/2022,1.30224347,1.38037338,-0.07812991,Short Term
0.00244800,LUNA,03/12/2022,03/12/2022,0.21100010,0.22681401,-0.01581391,Short Term
2.04000000,LUNA,03/12/2022,03/12/2022,175.62241415,189.01167549,-13.38926135,Short Term
0.00438000,LUNA,03/12/2022,03/12/2022,0.37752468,0.40581919,-0.02829450,Short Term
0.00642500,LUNA,03/12/2022,04/05/2022,0.74934296,0.59529413,0.15404884,Short Term
0.02074700,LUNA,03/12/2022,05/17/2022,0.00000391,1.92226727,-1.92226336,Short Term
0.45186400,LUNA,05/17/2022,05/17/2022,0.00008511,0.00008511,0.00000000,Short Term
0.00435300,LUNA,05/17/2022,05/17/2022,0.00000082,0.00000082,0.00000000,Short Term
1.13000000,LUNA,05/25/2022,05/25/2022,0.00022911,0.00000000,0.00022911,Short Term
59.10000000,REN,12/05/2021,11/15/2022,4.71000000,37.68889740,-32.97889740,Short Term
500.00000000,RVN,11/17/2021,01/17/2022,44.75827151,61.31052632,-16.55225481,Short Term
0.00019700,USDC,11/03/2021,07/18/2022,0.00019683,0.00019700,-0.00000017,Short Term
0.00404100,USDC,11/20/2021,07/18/2022,0.00403749,0.00404100,-0.00000351,Short Term
0.00010400,USDC,12/04/2021,07/18/2022,0.00010391,0.00010400,-0.00000009,Short Term
44.63259100,USDC,01/17/2022,01/17/2022,42.97599046,44.70095385,-1.72496339,Short Term
0.05723000,USDC,01/17/2022,09/02/2022,0.05698853,0.05731766,-0.00032913,Short Term
7.68837200,USDC,01/17/2022,01/17/2022,7.40300741,7.70014813,-0.29714072,Short Term
14.46637500,USDC,01/17/2022,01/17/2022,13.92943542,14.48853286,-0.55909744,Short Term
5.00000000,USDC,07/17/2022,07/17/2022,5.00000000,5.00000000,0.00,Short Term
5.00000000,USDC,07/17/2022,07/18/2022,3.98000000,5.00000000,-1.02000000,Short Term
5.00000000,USDC,07/17/2022,07/18/2022,5.00000000,5.00000000,0.00,Short Term
5.00000000,USDC,07/17/2022,07/18/2022,4.99566177,5.00000000,-0.00433823,Short Term
22.19528100,USDC,09/02/2022,09/02/2022,22.10163330,22.18409835,-0.08246505,Short Term
15.00000000,USDC,09/09/2022,09/13/2022,15.00000000,15.33829825,-0.33829825,Short Term
8.00000000,USDC,09/09/2022,09/13/2022,8.00000000,8.18042574,-0.18042574,Short Term
36.00000000,USDC,09/09/2022,09/13/2022,36.00000000,36.81191581,-0.81191581,Short Term
0.01700000,FTM,01/06/2022,01/06/2022,0.04618900,0.04618900,0.00000000,Short Term
16.00000000,FTM,01/06/2022,01/06/2022,44.62250000,43.51551552,1.10698448,Short Term
0.00800000,FTM,01/08/2022,01/08/2022,0.02118720,0.02118720,0.00000000,Short Term
0.70000000,CRO,01/05/2022,01/05/2022,0.37123450,0.38354750,-0.01231300,Short Term
222.00000000,CRO,01/05/2022,01/05/2022,117.71228100,121.63935000,-3.92706900,Short Term
237.00000000,CRO,01/05/2022,01/05/2022,118.85076000,119.30200800,-0.45124800,Short Term
137.58490278,ANKR,11/04/2021,01/02/2022,14.04426100,18.02125879,-3.97699779,Short Term
0.41509722,ANKR,11/04/2021,01/02/2022,0.04237190,0.05437061,-0.01199871,Short Term
0.41509722,ANKR,11/04/2021,01/02/2022,0.04248755,0.05437061,-0.01188306,Short Term
104.58490278,ANKR,11/25/2021,01/02/2022,10.70485570,13.68963224,-2.98477654,Short Term
1.13872300,ATOM,02/20/2021,05/12/2022,11.11301111,28.39005920,-17.27704809,Long Term
0.36327700,ATOM,02/20/2021,05/12/2022,3.54528831,9.04706351,-5.50177520,Long Term
1.20000000,ATOM,09/28/2021,01/08/2022,41.37210000,42.25395600,-0.88185600,Short Term
0.30000000,ATOM,09/28/2021,05/12/2022,2.92775621,10.56348900,-7.63573279,Short Term
0.00350000,ATOM,01/08/2022,01/08/2022,0.12615849,0.12615849,0.00000000,Short Term
0.00350000,ATOM,01/08/2022,01/08/2022,0.12615849,0.13772115,-0.01156266,Short Term
0.00250000,ATOM,04/14/2022,04/14/2022,0.05964774,0.06661888,-0.00697114,Short Term
0.37261900,ATOM,04/14/2022,04/14/2022,8.83070452,9.92938399,-1.09867947,Short Term
0.00250000,ATOM,05/01/2022,05/12/2022,0.02442381,0.04692240,-0.02249859,Short Term
0.56050000,ATOM,05/01/2022,05/12/2022,5.47002451,10.52000208,-5.04997757,Short Term
1.02941156,MATIC,03/31/2021,01/09/2022,1.83646799,0.68687634,1.14959166,Short Term
4.68534033,MATIC,04/20/2021,01/09/2022,9.36941968,1.56704511,7.80237457,Short Term
21.11908656,MATIC,04/20/2021,01/09/2022,37.67640471,12.69877732,24.97762739,Short Term
2.49017493,MATIC,09/02/2021,01/09/2022,4.44246668,4.06093219,0.38153449,Short Term
10.87237718,MATIC,09/02/2021,09/09/2022,9.61577077,16.43347314,-6.81770237,Long Term
8.00000000,MATIC,09/02/2021,09/09/2022,7.07537688,12.09190805,-5.01653117,Long Term
0.12762282,MATIC,09/02/2021,09/19/2022,0.09738176,0.19290043,-0.09551867,Long Term
9.07237718,MATIC,09/02/2021,09/19/2022,6.92261824,13.71279383,-6.79017559,Long Term
14.00000000,MATIC,09/02/2021,11/10/2022,14.76153177,21.16083909,-6.39930732,Long Term
0.66977242,MATIC,09/02/2021,11/10/2022,0.70620478,1.01235331,-0.30614854,Long Term
1.38260476,MATIC,09/02/2021,11/10/2022,1.45781172,2.08979120,-0.63197948,Long Term
6.92762282,MATIC,09/02/2021,11/10/2022,7.30445174,10.47102227,-3.16657053,Long Term
12.61739524,MATIC,09/02/2021,11/30/2022,11.10662818,19.07104789,-7.96441971,Long Term
16.33022758,MATIC,09/03/2021,08/30/2022,13.40157611,25.25535513,-11.85377902,Short Term
32.09550642,MATIC,09/09/2021,01/09/2022,57.25831398,50.70944887,6.54886511,Short Term
24.95133999,MATIC,09/24/2021,01/09/2022,44.51313653,32.36773332,12.14540321,Short Term
0.46297866,MATIC,09/30/2021,01/09/2022,0.82595293,0.58938065,0.23657228,Short Term
60.00000000,MATIC,10/24/2021,01/09/2022,107.03987012,94.59501960,12.44485052,Short Term
20.04143266,MATIC,10/24/2021,08/30/2022,16.44721629,31.84913376,-15.40191747,Short Term
20.60000000,MATIC,10/24/2021,08/30/2022,16.90561056,32.73678916,-15.83117861,Short Term
27.88840476,MATIC,10/24/2021,08/29/2022,22.40507264,44.57967301,-22.17460037,Short Term
23.41159524,MATIC,10/24/2021,08/30/2022,19.21297629,37.42348368,-18.21050739,Short Term
11.25856734,MATIC,10/24/2021,08/30/2022,9.23946383,17.99684331,-8.75737948,Short Term
17.60000000,MATIC,11/08/2021,01/08/2022,33.61078160,33.33119396,0.27958764,Short Term
4.20000000,MATIC,11/11/2021,01/08/2022,8.02075470,7.35944580,0.66130890,Short Term
9.30000000,MATIC,11/11/2021,04/09/2022,13.51779366,16.29591570,-2.77812204,Short Term
2.77000000,MATIC,11/19/2021,08/29/2022,2.24791346,4.45600092,-2.20808746,Short Term
6.00000000,MATIC,11/19/2021,08/29/2022,4.86912663,9.65198755,-4.78286092,Short Term
3.23000000,MATIC,11/19/2021,08/29/2022,2.59492736,5.19598663,-2.60105927,Short Term
1.22237718,MATIC,11/19/2021,08/30/2022,1.00315692,1.88424797,-0.88109105,Short Term
10.97762282,MATIC,11/19/2021,09/09/2022,9.70885234,16.92158843,-7.21273608,Short Term
7.50000000,MATIC,11/26/2021,04/09/2022,10.90144650,12.64980892,-1.74836242,Short Term
7.00000000,MATIC,11/26/2021,04/09/2022,10.17468340,11.80648832,-1.63180492,Short Term
7.11692732,MATIC,11/26/2021,08/29/2022,5.77553672,12.00370276,-6.22816604,Short Term
0.18307268,MATIC,11/28/2021,08/29/2022,0.14856734,0.30763875,-0.15907140,Short Term
7.00000000,MATIC,11/28/2021,08/29/2022,5.68064773,11.76293062,-6.08228289,Short Term
0.89312712,MATIC,01/01/2022,01/17/2022,1.99339453,2.29894065,-0.30554613,Short Term
0.89312712,MATIC,01/08/2022,01/17/2022,1.99339453,1.78176517,0.21162936,Short Term
0.89312712,MATIC,01/15/2022,01/17/2022,1.99339453,2.10027582,-0.10688129,Short Term
0.77061864,MATIC,01/17/2022,01/17/2022,1.71996454,0.00000000,1.71996454,Short Term
6.84248170,MATIC,04/03/2022,08/29/2022,5.55281831,11.27281891,-5.72000060,Short Term
7.75751830,MATIC,04/03/2022,08/29/2022,6.29538982,12.78031901,-6.48492920,Short Term
16.78260476,MATIC,04/07/2022,11/30/2022,14.77310866,25.03696109,-10.26385242,Short Term
0.21739524,MATIC,04/07/2022,12/30/2022,0.15830455,0.32431891,-0.16601436,Short Term
1.00000000,MATIC,04/07/2022,11/30/2022,0.88026316,1.49184000,-0.61157684,Short Term
10.20000000,MATIC,04/07/2022,12/30/2022,7.42751503,15.11395200,-7.68643697,Short Term
15.57350794,MATIC,04/09/2022,12/30/2022,11.34043767,23.04957043,-11.70913275,Short Term
1.39922410,MATIC,04/09/2022,12/30/2022,1.07687138,2.07092163,-0.99405025,Short Term
1.27945188,MATIC,07/17/2022,07/17/2022,1.23441397,1.23441397,0.00000000,Short Term
0.16350000,ONE,10/21/2021,01/04/2022,0.04998100,0.03991757,0.01006343,Short Term
0.16520000,ONE,10/21/2021,01/04/2022,0.05002202,0.04033261,0.00968941,Short Term
0.00018250,ONE,01/02/2022,01/02/2022,0.00005342,0.00000000,0.00005342,Short Term
0.00018250,ONE,01/02/2022,01/02/2022,0.00005342,0.00000000,0.00005342,Short Term
0.00018250,ONE,01/02/2022,01/02/2022,0.00005342,0.00000000,0.00005342,Short Term
0.00018250,ONE,01/02/2022,01/02/2022,0.00005342,0.00000000,0.00005342,Short Term
0.16350000,ONE,01/04/2022,01/04/2022,0.05003100,0.05003100,0.00000000,Short Term
163.33650000,ONE,01/04/2022,01/04/2022,49.93101900,50.03100000,-0.09998100,Short Term
0.16520000,ONE,01/04/2022,01/04/2022,0.05003908,0.05003908,0.00000000,Short Term
165.03480000,ONE,01/04/2022,01/04/2022,49.97199798,50.03908000,-0.06708202,Short Term
0.00624492,ONE,01/08/2022,01/08/2022,0.00192500,0.00198047,-0.00005547,Short Term
0.00624492,ONE,01/08/2022,01/08/2022,0.00192500,0.00198047,-0.00005547,Short Term
98.00000000,ONE,01/08/2022,01/08/2022,30.20560175,31.07896273,-0.87336098,Short Term
0.00474882,ONE,01/08/2022,01/08/2022,0.00146383,0.00150600,-0.00004218,Short Term
0.00474882,ONE,01/08/2022,01/08/2022,0.00146383,0.00150600,-0.00004218,Short Term
26.97801252,ONE,01/08/2022,01/08/2022,8.31481428,8.55559843,-0.24078414,Short Term
0.00080000,ONE,01/08/2022,01/08/2022,0.00024660,0.00000000,0.00024660,Short Term
0.00685014,ONE,01/08/2022,01/08/2022,0.00211156,0.00217209,-0.00006054,Short Term
0.00685014,ONE,01/08/2022,01/08/2022,0.00211156,0.00217209,-0.00006054,Short Term
70.71893189,ONE,01/08/2022,01/08/2022,21.79607503,22.42409961,-0.62802459,Short Term
0.00146766,ONE,01/08/2022,01/08/2022,0.00045241,0.00046538,-0.00001297,Short Term
0.00146766,ONE,01/08/2022,01/08/2022,0.00045241,0.00046538,-0.00001297,Short Term
32.26443251,ONE,01/08/2022,01/08/2022,9.94311981,10.23065294,-0.28753313,Short Term
0.00080000,ONE,01/08/2022,01/08/2022,0.00024660,0.00000000,0.00024660,Short Term
49.99920000,ONE,01/08/2022,01/08/2022,15.41202180,15.90593139,-0.49390959,Short Term
0.00080000,ONE,01/08/2022,01/08/2022,0.00024660,0.00025450,-0.00000790,Short Term
108.00000000,ONE,01/08/2022,01/08/2022,33.29084998,34.35736151,-1.06651153,Short Term
0.00080000,ONE,01/08/2022,01/08/2022,0.00024660,0.00025439,-0.00000779,Short Term
37.99920000,ONE,01/08/2022,01/08/2022,11.71320062,12.08325701,-0.37005639,Short Term
0.00225000,ONE,01/08/2022,01/08/2022,0.00069356,0.00069356,0.00000000,Short Term
0.00603585,ONE,01/08/2022,01/08/2022,0.00186055,0.00186064,-0.00000008,Short Term
17.73556749,ONE,01/08/2022,01/08/2022,5.46567408,5.46724003,-0.00156595,Short Term
0.00603585,ONE,01/08/2022,01/08/2022,0.00186055,0.00186064,-0.00000008,Short Term
0.00146886,ONE,01/08/2022,01/08/2022,0.00045278,0.00045280,-0.00000002,Short Term
0.00146886,ONE,01/08/2022,01/08/2022,0.00045278,0.00045280,-0.00000002,Short Term
0.00127672,ONE,01/08/2022,01/08/2022,0.00039355,0.00039357,-0.00000002,Short Term
0.00127672,ONE,01/08/2022,01/08/2022,0.00039355,0.00039357,-0.00000002,Short Term
0.00645018,ONE,01/08/2022,01/08/2022,0.00198827,0.00198836,-0.00000009,Short Term
0.00645018,ONE,01/08/2022,01/08/2022,0.00198827,0.00198836,-0.00000009,Short Term
32.23091929,ONE,01/08/2022,01/08/2022,9.93371870,9.93563765,-0.00191895,Short Term
0.00225000,ONE,01/08/2022,01/08/2022,0.00069356,0.00069356,0.00000000,Short Term
0.00225000,ONE,01/08/2022,01/08/2022,0.00069356,0.00069356,0.00000000,Short Term
21.03065519,ONE,01/08/2022,04/05/2022,3.23103109,6.48290559,-3.25187450,Short Term
0.00424554,ONE,01/08/2022,04/05/2022,0.00065240,0.00130873,-0.00065633,Short Term
0.00424554,ONE,01/08/2022,04/05/2022,0.00065240,0.00130873,-0.00065633,Short Term
0.01125000,ONE,01/08/2022,04/06/2022,0.00152581,0.00346792,-0.00194211,Short Term
0.01125000,ONE,01/08/2022,04/06/2022,0.00152581,0.00346792,-0.00194211,Short Term
0.00750000,ONE,01/08/2022,04/06/2022,0.00101721,0.00231195,-0.00129474,Short Term
0.00750000,ONE,01/08/2022,04/06/2022,0.00101721,0.00231195,-0.00129474,Short Term
0.01986336,ONE,01/08/2022,04/06/2022,0.00269402,0.00612308,-0.00342905,Short Term
0.01986336,ONE,01/08/2022,04/06/2022,0.00269402,0.00612308,-0.00342905,Short Term
0.00845445,ONE,01/08/2022,04/06/2022,0.00114666,0.00260617,-0.00145951,Short Term
0.00845445,ONE,01/08/2022,04/06/2022,0.00114666,0.00260617,-0.00145951,Short Term
0.00375000,ONE,01/08/2022,04/06/2022,0.00050860,0.00115597,-0.00064737,Short Term
0.00375000,ONE,01/08/2022,04/06/2022,0.00050860,0.00115597,-0.00064737,Short Term
0.00465357,ONE,01/08/2022,04/06/2022,0.00063115,0.00143451,-0.00080336,Short Term
0.00465357,ONE,01/08/2022,04/06/2022,0.00063115,0.00143451,-0.00080336,Short Term
80.00000000,ONE,01/08/2022,04/06/2022,10.84895449,24.66078410,-13.81182960,Short Term
0.01125000,ONE,01/08/2022,04/06/2022,0.00152581,0.00346792,-0.00194211,Short Term
0.01125000,ONE,01/08/2022,04/06/2022,0.00152581,0.00346792,-0.00194211,Short Term
0.00288960,ONE,01/08/2022,04/06/2022,0.00039191,0.00089075,-0.00049884,Short Term
0.00288960,ONE,01/08/2022,04/06/2022,0.00039191,0.00089075,-0.00049884,Short Term
0.00262500,ONE,01/08/2022,04/06/2022,0.00035602,0.00080918,-0.00045316,Short Term
0.00262500,ONE,01/08/2022,04/06/2022,0.00035602,0.00080918,-0.00045316,Short Term
0.00465357,ONE,01/08/2022,04/06/2022,0.00063115,0.00143451,-0.00080336,Short Term
5.43263793,ONE,01/08/2022,04/06/2022,0.73555394,1.67466389,-0.93910995,Short Term
0.00465357,ONE,01/08/2022,04/06/2022,0.00063115,0.00143451,-0.00080336,Short Term
0.01125000,ONE,01/08/2022,04/06/2022,0.00152581,0.00346792,-0.00194211,Short Term
0.01125000,ONE,01/08/2022,04/06/2022,0.00152581,0.00346792,-0.00194211,Short Term
39.34663670,ONE,01/08/2022,04/07/2022,5.50815365,12.12898641,-6.62083276,Short Term
68.00000000,ONE,01/08/2022,01/08/2022,20.96077380,21.58102040,-0.62024660,Short Term
0.00080000,ONE,01/08/2022,01/08/2022,0.00024660,0.00000000,0.00024660,Short Term
0.00225000,ONE,01/08/2022,01/08/2022,0.00069356,0.00069356,0.00000000,Short Term
0.00225000,ONE,01/08/2022,01/08/2022,0.00069356,0.00069356,0.00000000,Short Term
0.00370361,ONE,01/08/2022,01/08/2022,0.00114164,0.00114168,-0.00000004,Short Term
17.76908071,ONE,01/08/2022,01/08/2022,5.47651302,5.47752165,-0.00100863,Short Term
0.00370361,ONE,01/08/2022,01/08/2022,0.00114164,0.00114168,-0.00000004,Short Term
0.00465357,ONE,01/08/2022,01/08/2022,0.00143446,0.00143452,-0.00000005,Short Term
30.00000000,ONE,01/08/2022,01/08/2022,9.24464007,9.24784192,-0.00320185,Short Term
0.00465357,ONE,01/08/2022,01/08/2022,0.00143446,0.00143452,-0.00000005,Short Term
14.43910042,ONE,01/08/2022,01/12/2022,4.96472126,4.45101728,0.51370398,Short Term
0.01415310,ONE,01/08/2022,01/12/2022,0.00487328,0.00436285,0.00051043,Short Term
0.01415310,ONE,01/08/2022,01/12/2022,0.00487328,0.00436285,0.00051043,Short Term
0.00270971,ONE,01/08/2022,01/12/2022,0.00093302,0.00083530,0.00009772,Short Term
0.00270971,ONE,01/08/2022,01/12/2022,0.00093302,0.00083530,0.00009772,Short Term
0.00249181,ONE,01/08/2022,01/12/2022,0.00085799,0.00076813,0.00008987,Short Term
0.00249181,ONE,01/08/2022,01/12/2022,0.00085799,0.00076813,0.00008987,Short Term
3.00000000,ONE,01/08/2022,01/12/2022,1.03126204,0.92478419,0.10647785,Short Term
0.00465357,ONE,01/08/2022,04/05/2022,0.00071510,0.00143452,-0.00071942,Short Term
0.00465357,ONE,01/08/2022,04/05/2022,0.00071510,0.00143452,-0.00071942,Short Term
40.41044377,ONE,01/08/2022,04/05/2022,6.20902525,12.45697987,-6.24795462,Short Term
0.01125000,ONE,01/08/2022,04/05/2022,0.00172875,0.00346794,-0.00173919,Short Term
0.01125000,ONE,01/08/2022,04/05/2022,0.00172875,0.00346794,-0.00173919,Short Term
0.00240000,ONE,01/08/2022,04/05/2022,0.00036880,0.00073983,-0.00037103,Short Term
0.00240000,ONE,01/08/2022,04/05/2022,0.00036880,0.00073983,-0.00037103,Short Term
0.00240000,ONE,01/08/2022,04/05/2022,0.00036880,0.00073983,-0.00037103,Short Term
0.00240000,ONE,01/08/2022,04/05/2022,0.00036880,0.00073983,-0.00037103,Short Term
0.00805356,ONE,01/08/2022,04/05/2022,0.00123756,0.00248260,-0.00124504,Short Term
0.00805356,ONE,01/08/2022,04/05/2022,0.00123756,0.00248260,-0.00124504,Short Term
0.01646544,ONE,01/08/2022,04/05/2022,0.00253019,0.00507566,-0.00254547,Short Term
0.01646544,ONE,01/08/2022,04/05/2022,0.00253019,0.00507566,-0.00254547,Short Term
0.00208836,ONE,01/08/2022,04/05/2022,0.00032091,0.00064376,-0.00032285,Short Term
0.00208836,ONE,01/08/2022,04/05/2022,0.00032091,0.00064376,-0.00032285,Short Term
0.01125000,ONE,01/08/2022,04/05/2022,0.00172875,0.00346794,-0.00173919,Short Term
0.01125000,ONE,01/08/2022,04/05/2022,0.00172875,0.00346794,-0.00173919,Short Term
0.00208836,ONE,01/08/2022,04/05/2022,0.00032091,0.00064376,-0.00032285,Short Term
0.00208836,ONE,01/08/2022,04/05/2022,0.00032091,0.00064376,-0.00032285,Short Term
0.00375000,ONE,01/08/2022,04/05/2022,0.00057625,0.00115598,-0.00057973,Short Term
0.00375000,ONE,01/08/2022,04/05/2022,0.00057625,0.00115598,-0.00057973,Short Term
0.01125000,ONE,01/08/2022,04/05/2022,0.00172875,0.00346794,-0.00173919,Short Term
0.01125000,ONE,01/08/2022,04/05/2022,0.00172875,0.00346794,-0.00173919,Short Term
19.16935291,ONE,01/08/2022,04/05/2022,2.94507112,5.90917152,-2.96410040,Short Term
0.00225000,ONE,01/08/2022,01/08/2022,0.00069356,0.00069356,0.00000000,Short Term
0.00225000,ONE,01/08/2022,01/08/2022,0.00069356,0.00069356,0.00000000,Short Term
0.01359173,ONE,01/08/2022,01/08/2022,0.00418966,0.00418993,-0.00000028,Short Term
0.01359173,ONE,01/08/2022,01/08/2022,0.00418966,0.00418993,-0.00000028,Short Term
0.00072857,ONE,01/08/2022,01/08/2022,0.00022458,0.00022460,-0.00000001,Short Term
0.00127672,ONE,01/08/2022,01/08/2022,0.00039355,0.00039358,-0.00000003,Short Term
0.00127672,ONE,01/08/2022,01/08/2022,0.00039355,0.00039358,-0.00000003,Short Term
0.00072857,ONE,01/08/2022,01/08/2022,0.00022458,0.00022460,-0.00000001,Short Term
0.01870446,ONE,01/08/2022,01/08/2022,0.00576566,0.00576604,-0.00000038,Short Term
0.01870446,ONE,01/08/2022,01/08/2022,0.00576566,0.00576604,-0.00000038,Short Term
0.00709014,ONE,01/08/2022,01/08/2022,0.00218554,0.00218568,-0.00000014,Short Term
0.00709014,ONE,01/08/2022,01/08/2022,0.00218554,0.00218568,-0.00000014,Short Term
0.00390918,ONE,01/08/2022,01/08/2022,0.00120501,0.00120509,-0.00000008,Short Term
0.00390918,ONE,01/08/2022,01/08/2022,0.00120501,0.00120509,-0.00000008,Short Term
0.01517319,ONE,01/08/2022,01/08/2022,0.00467714,0.00467745,-0.00000031,Short Term
0.01517319,ONE,01/08/2022,01/08/2022,0.00467714,0.00467745,-0.00000031,Short Term
0.00681765,ONE,01/08/2022,01/08/2022,0.00210154,0.00210168,-0.00000014,Short Term
0.00681765,ONE,01/08/2022,01/08/2022,0.00210154,0.00210168,-0.00000014,Short Term
0.01309134,ONE,01/08/2022,01/08/2022,0.00403541,0.00403568,-0.00000027,Short Term
0.01309134,ONE,01/08/2022,01/08/2022,0.00403541,0.00403568,-0.00000027,Short Term
0.00704691,ONE,01/08/2022,01/08/2022,0.00217221,0.00217236,-0.00000014,Short Term
0.00704691,ONE,01/08/2022,01/08/2022,0.00217221,0.00217236,-0.00000014,Short Term
0.00812913,ONE,01/08/2022,01/08/2022,0.00250581,0.00250597,-0.00000017,Short Term
0.00812913,ONE,01/08/2022,01/08/2022,0.00250581,0.00250597,-0.00000017,Short Term
0.00689232,ONE,01/08/2022,01/08/2022,0.00212456,0.00212470,-0.00000014,Short Term
55.00000000,ONE,01/08/2022,01/08/2022,16.94951738,16.95488853,-0.00537115,Short Term
0.00689232,ONE,01/08/2022,01/08/2022,0.00212456,0.00212470,-0.00000014,Short Term
0.00146367,ONE,01/08/2022,01/08/2022,0.00045118,0.00045121,-0.00000003,Short Term
0.00146367,ONE,01/08/2022,01/08/2022,0.00045118,0.00045121,-0.00000003,Short Term
0.01646667,ONE,01/08/2022,01/08/2022,0.00507586,0.00507619,-0.00000034,Short Term
0.01646667,ONE,01/08/2022,01/08/2022,0.00507586,0.00507619,-0.00000034,Short Term
0.00812835,ONE,01/08/2022,01/08/2022,0.00250557,0.00250573,-0.00000017,Short Term
0.00812835,ONE,01/08/2022,01/08/2022,0.00250557,0.00250573,-0.00000017,Short Term
12.73767992,ONE,01/08/2022,01/08/2022,3.92612296,3.92665351,-0.00053055,Short Term
0.00225000,ONE,01/08/2022,01/08/2022,0.00069356,0.00069356,0.00000000,Short Term
0.00225000,ONE,01/08/2022,01/08/2022,0.00069356,0.00069356,0.00000000,Short Term
0.00155119,ONE,01/08/2022,01/08/2022,0.00047815,0.00047818,-0.00000002,Short Term
32.26232008,ONE,01/08/2022,01/08/2022,9.94418423,9.94530435,-0.00112012,Short Term
0.00155119,ONE,01/08/2022,01/08/2022,0.00047815,0.00047818,-0.00000002,Short Term
0.00548889,ONE,01/08/2022,01/08/2022,0.00169195,0.00169203,-0.00000007,Short Term
0.00548889,ONE,01/08/2022,01/08/2022,0.00169195,0.00169203,-0.00000007,Short Term
0.00241913,ONE,01/08/2022,01/08/2022,0.00074570,0.00074573,-0.00000003,Short Term
0.00241913,ONE,01/08/2022,01/08/2022,0.00074570,0.00074573,-0.00000003,Short Term
45.00000000,ONE,01/08/2022,01/08/2022,13.86977210,13.87186956,-0.00209745,Short Term
0.00747624,ONE,01/08/2022,01/09/2022,0.00218539,0.00230465,-0.00011926,Short Term
20.00000000,ONE,01/08/2022,01/09/2022,5.84185642,6.16527536,-0.32341894,Short Term
0.00747624,ONE,01/08/2022,01/09/2022,0.00218539,0.00230465,-0.00011926,Short Term
0.00812835,ONE,01/08/2022,01/09/2022,0.00237601,0.00250568,-0.00012967,Short Term
0.00812835,ONE,01/08/2022,01/09/2022,0.00237601,0.00250568,-0.00012967,Short Term
0.00812982,ONE,01/08/2022,01/09/2022,0.00237644,0.00250613,-0.00012969,Short Term
0.00812982,ONE,01/08/2022,01/09/2022,0.00237644,0.00250613,-0.00012969,Short Term
0.00146535,ONE,01/08/2022,01/09/2022,0.00042834,0.00045171,-0.00002338,Short Term
0.00146535,ONE,01/08/2022,01/09/2022,0.00042834,0.00045171,-0.00002338,Short Term
0.01615764,ONE,01/08/2022,01/09/2022,0.00472306,0.00498081,-0.00025775,Short Term
0.01615764,ONE,01/08/2022,01/09/2022,0.00472306,0.00498081,-0.00025775,Short Term
0.00508896,ONE,01/08/2022,01/09/2022,0.00148756,0.00156874,-0.00008118,Short Term
0.00508896,ONE,01/08/2022,01/09/2022,0.00148756,0.00156874,-0.00008118,Short Term
0.00273750,ONE,01/08/2022,01/10/2022,0.00075603,0.00084387,-0.00008784,Short Term
0.00273750,ONE,01/08/2022,01/10/2022,0.00075603,0.00084387,-0.00008784,Short Term
0.02709710,ONE,01/08/2022,01/12/2022,0.00933024,0.00835305,0.00097718,Short Term
0.02709710,ONE,01/08/2022,01/12/2022,0.00933024,0.00835305,0.00097718,Short Term
5.56089958,ONE,01/08/2022,01/12/2022,1.91205238,1.71422386,0.19782852,Short Term
0.00075000,ONE,01/12/2022,01/12/2022,0.00025824,0.00025824,0.00000000,Short Term
0.00075000,ONE,01/12/2022,01/12/2022,0.00025824,0.00025824,0.00000000,Short Term
23.00000000,ONE,01/12/2022,01/12/2022,7.90347096,7.91970305,-0.01623210,Short Term
0.02327340,ONE,01/12/2022,01/12/2022,0.00801364,0.00801384,-0.00000021,Short Term
0.02327340,ONE,01/12/2022,01/12/2022,0.00801364,0.00801384,-0.00000021,Short Term
0.00704372,ONE,01/12/2022,01/12/2022,0.00242534,0.00242540,-0.00000006,Short Term
0.00704372,ONE,01/12/2022,01/12/2022,0.00242534,0.00242540,-0.00000006,Short Term
34.93706576,ONE,01/12/2022,04/05/2022,5.36804606,12.03005158,-6.66200552,Short Term
0.00736923,ONE,01/13/2022,01/13/2022,0.00258803,0.00266684,-0.00007881,Short Term
0.00736923,ONE,01/13/2022,01/13/2022,0.00258803,0.00266684,-0.00007881,Short Term
0.00298632,ONE,01/13/2022,01/17/2022,0.00094782,0.00108072,-0.00013290,Short Term
0.00424593,ONE,01/13/2022,04/04/2022,0.00068733,0.00153655,-0.00084923,Short Term
9.68672450,ONE,01/13/2022,04/04/2022,1.56722870,3.50551719,-1.93828850,Short Term
0.00424593,ONE,01/13/2022,04/04/2022,0.00068733,0.00153655,-0.00084923,Short Term
0.00337500,ONE,01/13/2022,04/04/2022,0.00054634,0.00122137,-0.00067503,Short Term
0.00337500,ONE,01/13/2022,04/04/2022,0.00054634,0.00122137,-0.00067503,Short Term
0.01894377,ONE,01/13/2022,04/04/2022,0.00306661,0.00685554,-0.00378893,Short Term
0.01894377,ONE,01/13/2022,04/04/2022,0.00306661,0.00685554,-0.00378893,Short Term
0.00239538,ONE,01/13/2022,04/04/2022,0.00038776,0.00086686,-0.00047910,Short Term
0.00239538,ONE,01/13/2022,04/04/2022,0.00038776,0.00086686,-0.00047910,Short Term
14.00000000,ONE,01/13/2022,04/04/2022,2.26409712,5.06644333,-2.80234621,Short Term
0.00684855,ONE,01/13/2022,04/04/2022,0.00110864,0.00247841,-0.00136977,Short Term
0.00684855,ONE,01/13/2022,04/04/2022,0.00110864,0.00247841,-0.00136977,Short Term
0.00337500,ONE,01/13/2022,04/04/2022,0.00054634,0.00122137,-0.00067503,Short Term
0.00337500,ONE,01/13/2022,04/04/2022,0.00054634,0.00122137,-0.00067503,Short Term
0.00239538,ONE,01/13/2022,04/04/2022,0.00038776,0.00086686,-0.00047910,Short Term
0.00239538,ONE,01/13/2022,04/04/2022,0.00038776,0.00086686,-0.00047910,Short Term
0.00239538,ONE,01/13/2022,04/05/2022,0.00036809,0.00086686,-0.00049877,Short Term
0.00239538,ONE,01/13/2022,04/05/2022,0.00036809,0.00086686,-0.00049877,Short Term
0.00239538,ONE,01/13/2022,04/05/2022,0.00036809,0.00086686,-0.00049877,Short Term
0.00239538,ONE,01/13/2022,04/05/2022,0.00036809,0.00086686,-0.00049877,Short Term
0.00688464,ONE,01/13/2022,04/05/2022,0.00105794,0.00249147,-0.00143353,Short Term
0.00688464,ONE,01/13/2022,04/05/2022,0.00105794,0.00249147,-0.00143353,Short Term
0.01843992,ONE,01/13/2022,04/05/2022,0.00283360,0.00667320,-0.00383960,Short Term
0.01843992,ONE,01/13/2022,04/05/2022,0.00283360,0.00667320,-0.00383960,Short Term
0.00239538,ONE,01/13/2022,04/05/2022,0.00036809,0.00086686,-0.00049877,Short Term
0.00239538,ONE,01/13/2022,04/05/2022,0.00036809,0.00086686,-0.00049877,Short Term
0.00239460,ONE,01/13/2022,04/05/2022,0.00036797,0.00086658,-0.00049861,Short Term
0.00239460,ONE,01/13/2022,04/05/2022,0.00036797,0.00086658,-0.00049861,Short Term
0.00156125,ONE,01/13/2022,04/05/2022,0.00023991,0.00056500,-0.00032509,Short Term
0.00156125,ONE,01/13/2022,04/05/2022,0.00023991,0.00056500,-0.00032509,Short Term
0.02160054,ONE,01/13/2022,04/05/2022,0.00331929,0.00781699,-0.00449771,Short Term
0.02160054,ONE,01/13/2022,04/05/2022,0.00331929,0.00781699,-0.00449771,Short Term
0.00240000,ONE,01/13/2022,04/05/2022,0.00036880,0.00086853,-0.00049973,Short Term
0.01125000,ONE,01/13/2022,04/05/2022,0.00172875,0.00407125,-0.00234250,Short Term
0.01125000,ONE,01/13/2022,04/05/2022,0.00172875,0.00407125,-0.00234250,Short Term
0.00240000,ONE,01/13/2022,04/05/2022,0.00036880,0.00086853,-0.00049973,Short Term
0.00240000,ONE,01/13/2022,04/05/2022,0.00036880,0.00086853,-0.00049973,Short Term
0.00240000,ONE,01/13/2022,04/05/2022,0.00036880,0.00086853,-0.00049973,Short Term
5.06415853,ONE,01/13/2022,04/05/2022,0.77810302,1.83266230,-1.05455928,Short Term
0.00195384,ONE,01/13/2022,01/13/2022,0.00068618,0.00070707,-0.00002090,Short Term
0.00195384,ONE,01/13/2022,01/13/2022,0.00068618,0.00070707,-0.00002090,Short Term
23.00000000,ONE,01/13/2022,01/13/2022,8.07229307,8.32344261,-0.25114954,Short Term
0.00674228,ONE,01/13/2022,01/13/2022,0.00236785,0.00243996,-0.00007211,Short Term
0.00674228,ONE,01/13/2022,01/13/2022,0.00236785,0.00243996,-0.00007211,Short Term
0.00273750,ONE,01/13/2022,01/15/2022,0.00092865,0.00099067,-0.00006202,Short Term
0.00273750,ONE,01/13/2022,01/15/2022,0.00092865,0.00099067,-0.00006202,Short Term
0.00298632,ONE,01/13/2022,01/17/2022,0.00094782,0.00108072,-0.00013290,Short Term
0.00151658,ONE,01/13/2022,01/17/2022,0.00048134,0.00054883,-0.00006749,Short Term
0.00151658,ONE,01/13/2022,01/17/2022,0.00048134,0.00054883,-0.00006749,Short Term
0.00247523,ONE,01/13/2022,01/18/2022,0.00079037,0.00089576,-0.00010539,Short Term
0.00247523,ONE,01/13/2022,01/18/2022,0.00079037,0.00089576,-0.00010539,Short Term
0.00671328,ONE,01/13/2022,03/01/2022,0.00105920,0.00242946,-0.00137026,Short Term
0.00671328,ONE,01/13/2022,03/01/2022,0.00105920,0.00242946,-0.00137026,Short Term
0.01696044,ONE,01/13/2022,04/04/2022,0.00274555,0.00613779,-0.00339224,Short Term
0.01696044,ONE,01/13/2022,04/04/2022,0.00274555,0.00613779,-0.00339224,Short Term
0.00337500,ONE,01/13/2022,04/04/2022,0.00054634,0.00122137,-0.00067503,Short Term
0.00337500,ONE,01/13/2022,04/04/2022,0.00054634,0.00122137,-0.00067503,Short Term
0.00337500,ONE,01/13/2022,04/04/2022,0.00054634,0.00122137,-0.00067503,Short Term
0.00337500,ONE,01/13/2022,04/04/2022,0.00054634,0.00122137,-0.00067503,Short Term
0.00337500,ONE,01/13/2022,04/04/2022,0.00054634,0.00122137,-0.00067503,Short Term
0.00337500,ONE,01/13/2022,04/04/2022,0.00054634,0.00122137,-0.00067503,Short Term
5.89856538,ONE,01/13/2022,04/04/2022,0.95433714,2.13462480,-1.18028766,Short Term
0.00080000,ONE,01/13/2022,01/13/2022,0.00028096,0.00000000,0.00028096,Short Term
250.00000000,ONE,04/05/2022,04/07/2022,35.00000800,39.54670250,-4.54669450,Short Term
0.05625000,ONE,04/06/2022,04/06/2022,0.00762906,0.00762906,0.00000000,Short Term
0.05625000,ONE,04/06/2022,04/06/2022,0.00762906,0.00762906,0.00000000,Short Term
0.00465357,ONE,04/06/2022,04/07/2022,0.00065150,0.00063144,0.00002006,Short Term
90.65336330,ONE,04/06/2022,04/07/2022,12.69060575,12.30064337,0.38996237,Short Term
0.00465357,ONE,04/06/2022,04/07/2022,0.00065150,0.00063144,0.00002006,Short Term
120.00000000,ONE,04/06/2022,04/07/2022,16.79886874,16.28265242,0.51621632,Short Term
0.00424593,ONE,04/06/2022,04/07/2022,0.00059443,0.00057613,0.00001831,Short Term
0.00424593,ONE,04/06/2022,04/07/2022,0.00059443,0.00057613,0.00001831,Short Term
0.00375000,ONE,04/06/2022,04/07/2022,0.00052500,0.00050883,0.00001617,Short Term
0.00375000,ONE,04/06/2022,04/07/2022,0.00052500,0.00050883,0.00001617,Short Term
0.01125000,ONE,04/06/2022,04/07/2022,0.00157501,0.00152650,0.00004851,Short Term
0.01125000,ONE,04/06/2022,04/07/2022,0.00157501,0.00152650,0.00004851,Short Term
0.01125000,ONE,04/06/2022,04/07/2022,0.00157501,0.00152650,0.00004851,Short Term
0.01125000,ONE,04/06/2022,04/07/2022,0.00157501,0.00152650,0.00004851,Short Term
0.00375000,ONE,04/06/2022,04/07/2022,0.00052500,0.00050883,0.00001617,Short Term
0.00375000,ONE,04/06/2022,04/07/2022,0.00052500,0.00050883,0.00001617,Short Term
3.13580000,ONE,04/06/2022,04/07/2022,0.43900308,0.42549285,0.01351024,Short Term
0.00465357,ONE,04/06/2022,04/07/2022,0.00065150,0.00063144,0.00002006,Short Term
0.00465357,ONE,04/06/2022,04/07/2022,0.00065150,0.00063144,0.00002006,Short Term
0.00375000,ONE,04/06/2022,04/07/2022,0.00052500,0.00050883,0.00001617,Short Term
0.00375000,ONE,04/06/2022,04/07/2022,0.00052500,0.00050883,0.00001617,Short Term
0.00675000,ONE,04/06/2022,04/08/2022,0.00086006,0.00091590,-0.00005583,Short Term
0.00675000,ONE,04/06/2022,04/08/2022,0.00086006,0.00091590,-0.00005583,Short Term
0.01125000,ONE,04/06/2022,04/08/2022,0.00143344,0.00152650,-0.00009306,Short Term
0.01125000,ONE,04/06/2022,04/08/2022,0.00143344,0.00152650,-0.00009306,Short Term
0.00239538,ONE,04/06/2022,04/08/2022,0.00030521,0.00032503,-0.00001981,Short Term
0.00239538,ONE,04/06/2022,04/08/2022,0.00030521,0.00032503,-0.00001981,Short Term
0.00688464,ONE,04/06/2022,04/08/2022,0.00087722,0.00093417,-0.00005695,Short Term
0.00688464,ONE,04/06/2022,04/08/2022,0.00087722,0.00093417,-0.00005695,Short Term
0.16875000,ONE,04/06/2022,04/08/2022,0.02150161,0.02289748,-0.00139587,Short Term
0.16875000,ONE,04/06/2022,04/08/2022,0.02150161,0.02289748,-0.00139587,Short Term
0.01125000,ONE,04/06/2022,04/08/2022,0.00143344,0.00152650,-0.00009306,Short Term
0.01125000,ONE,04/06/2022,04/08/2022,0.00143344,0.00152650,-0.00009306,Short Term
35.58837052,ONE,04/06/2022,04/08/2022,4.53445121,4.82894223,-0.29449102,Short Term
0.00080000,ONE,04/07/2022,04/07/2022,0.00011200,0.00000000,0.00011200,Short Term
0.00080000,ONE,04/07/2022,04/07/2022,0.00011200,0.00011702,-0.00000502,Short Term
689.99920000,ONE,04/07/2022,04/07/2022,96.60010720,100.92988298,-4.32977578,Short Term
0.05625000,ONE,04/07/2022,04/07/2022,0.00787503,0.00787503,0.00000000,Short Term
0.05625000,ONE,04/07/2022,04/07/2022,0.00787503,0.00787503,0.00000000,Short Term
0.01125000,ONE,04/07/2022,04/07/2022,0.00157501,0.00157546,-0.00000046,Short Term
0.01125000,ONE,04/07/2022,04/07/2022,0.00157501,0.00157546,-0.00000046,Short Term
388.86420000,ONE,04/07/2022,04/07/2022,54.43988207,54.45692380,-0.01704172,Short Term
389.00000000,ONE,04/07/2022,04/07/2022,54.46007472,56.07018672,-1.61011200,Short Term
0.00080000,ONE,04/07/2022,04/07/2022,0.00011200,0.00000000,0.00011200,Short Term
0.00080000,ONE,04/08/2022,04/08/2022,0.00010193,0.00010523,-0.00000330,Short Term
350.00000000,ONE,04/08/2022,04/08/2022,44.59582357,46.03759217,-1.44176860,Short Term
0.05625000,ONE,04/08/2022,04/08/2022,0.00716720,0.00716720,0.00000000,Short Term
0.05625000,ONE,04/08/2022,04/08/2022,0.00716720,0.00716720,0.00000000,Short Term
0.00424593,ONE,04/08/2022,04/08/2022,0.00054100,0.00054118,-0.00000017,Short Term
315.41162948,ONE,04/08/2022,04/08/2022,40.18780921,40.20170352,-0.01389431,Short Term
0.00424593,ONE,04/08/2022,04/08/2022,0.00054100,0.00054118,-0.00000017,Short Term
0.00080000,ONE,04/08/2022,04/08/2022,0.00010193,0.00011347,-0.00001153,Short Term
0.00239499,ONE,04/08/2022,04/09/2022,0.00031791,0.00033969,-0.00002178,Short Term
0.00239499,ONE,04/08/2022,04/09/2022,0.00031791,0.00033969,-0.00002178,Short Term
0.00239421,ONE,04/08/2022,04/10/2022,0.00030529,0.00033958,-0.00003429,Short Term
0.00239421,ONE,04/08/2022,04/10/2022,0.00030529,0.00033958,-0.00003429,Short Term
0.02042016,ONE,04/08/2022,04/11/2022,0.00237167,0.00289626,-0.00052459,Short Term
0.02042016,ONE,04/08/2022,04/11/2022,0.00237167,0.00289626,-0.00052459,Short Term
0.11646200,ONE,04/08/2022,09/08/2022,0.00233451,0.01651822,-0.01418371,Short Term
0.11646200,ONE,04/08/2022,09/08/2022,0.00233451,0.01651822,-0.01418371,Short Term
0.04881900,ONE,04/08/2022,09/08/2022,0.00097859,0.00692417,-0.00594558,Short Term
0.04881900,ONE,04/08/2022,09/08/2022,0.00097859,0.00692417,-0.00594558,Short Term
0.16746800,ONE,04/08/2022,09/08/2022,0.00335694,0.02375259,-0.02039564,Short Term
0.16746800,ONE,04/08/2022,09/08/2022,0.00335694,0.02375259,-0.02039564,Short Term
0.16964500,ONE,04/08/2022,09/08/2022,0.00340058,0.02406136,-0.02066077,Short Term
0.16964500,ONE,04/08/2022,09/08/2022,0.00340058,0.02406136,-0.02066077,Short Term
0.09125000,ONE,04/08/2022,09/08/2022,0.00182913,0.01294231,-0.01111318,Short Term
0.09125000,ONE,04/08/2022,09/08/2022,0.00182913,0.01294231,-0.01111318,Short Term
0.00080000,ONE,04/08/2022,04/08/2022,0.00010193,0.00000000,0.00010193,Short Term
0.10000000,COTI,12/02/2021,01/09/2022,0.03215840,0.05154765,-0.01938925,Short Term
15.38267796,COTI,12/02/2021,01/09/2022,4.94682311,7.92940898,-2.98258587,Short Term
8.61732204,COTI,12/02/2021,01/09/2022,2.77119289,4.44202700,-1.67083411,Short Term
30.00000000,COTI,12/08/2021,01/09/2022,9.64752000,10.70499000,-1.05747000,Short Term
0.50000000,RUNE,10/01/2021,01/17/2022,2.89770657,4.06375000,-1.16604343,Short Term
2.00000000,RUNE,12/02/2021,01/17/2022,11.59082629,24.17000000,-12.57917371,Short Term
0.00271500,LUNC,07/11/2021,01/08/2022,0.18037003,0.02292695,0.15744308,Short Term
0.35220300,LUNC,07/11/2021,01/08/2022,23.23965996,2.97419583,20.26546414,Short Term
0.00733600,LUNC,07/11/2021,01/09/2022,0.54793205,0.06194922,0.48598283,Short Term
0.03775800,LUNC,01/08/2022,01/08/2022,2.54167465,2.54167465,0.00000000,Short Term
0.04779700,LUNC,01/08/2022,01/08/2022,3.15382330,3.21744858,-0.06362528,Short Term
0.00013300,LUNC,01/09/2022,01/09/2022,0.00993388,0.00993388,0.00000000,Short Term
0.00675000,LUNC,01/18/2022,01/18/2022,0.54723309,0.54723309,0.00000000,Short Term
0.00264500,LUNC,01/18/2022,01/18/2022,0.21443430,0.21443430,0.00000000,Short Term
0.00646800,LUNC,01/18/2022,01/18/2022,0.52437091,0.52437091,0.00000000,Short Term
0.00747800,LUNC,01/18/2022,01/18/2022,0.60625319,0.60625319,0.00000000,Short Term
0.00236400,LUNC,01/18/2022,01/18/2022,0.19165319,0.19165319,0.00000000,Short Term
0.00173100,LUNC,01/18/2022,01/18/2022,0.14033489,0.14033489,0.00000000,Short Term
100000.00000000,LUNC,09/01/2022,09/02/2022,22.19169452,28.54169700,-6.35000248,Short Term
0.00000500,SOL,04/30/2021,02/04/2022,0.00056335,0.00021799,0.00034536,Short Term
0.00000500,SOL,09/22/2021,01/07/2022,0.00068336,0.00074174,-0.00005839,Short Term
0.30938889,SOL,10/14/2021,11/21/2022,3.65277095,50.00000000,-46.34722905,Long Term
0.00042219,SOL,11/28/2021,01/08/2022,0.05657205,0.07809819,-0.02152615,Short Term
0.20358500,SOL,12/04/2021,01/08/2022,27.27970799,39.23554249,-11.95583450,Short Term
0.08500000,SOL,12/19/2021,01/08/2022,11.38971525,15.98441150,-4.59469625,Short Term
0.09099281,SOL,12/20/2021,01/08/2022,12.19273171,16.08297917,-3.89024745,Short Term
0.00000719,SOL,12/20/2021,11/21/2022,0.00008489,0.00127083,-0.00118594,Short Term
0.00000500,SOL,01/12/2022,01/12/2022,0.00075633,0.00075633,0.00000000,Short Term
0.00000500,SOL,01/12/2022,01/12/2022,0.00075633,0.00075633,0.00000000,Short Term
0.00000500,SOL,01/12/2022,03/06/2022,0.00042283,0.00075633,-0.00033350,Short Term
0.00000500,SOL,01/12/2022,03/07/2022,0.00041307,0.00075633,-0.00034326,Short Term
0.00000500,SOL,01/12/2022,03/17/2022,0.00043966,0.00075633,-0.00031667,Short Term
0.00000500,SOL,01/12/2022,09/21/2022,0.00015417,0.00075633,-0.00060216,Short Term
0.00000500,SOL,01/12/2022,10/03/2022,0.00016431,0.00075633,-0.00059202,Short Term
0.00000500,SOL,01/12/2022,10/05/2022,0.00017075,0.00075633,-0.00058558,Short Term
0.00000500,SOL,01/12/2022,10/07/2022,0.00016532,0.00075633,-0.00059101,Short Term
0.00000500,SOL,01/12/2022,10/07/2022,0.00016532,0.00075633,-0.00059101,Short Term
0.00000500,SOL,01/12/2022,10/07/2022,0.00016532,0.00075633,-0.00059101,Short Term
0.00000500,SOL,01/12/2022,10/10/2022,0.00016017,0.00075633,-0.00059616,Short Term
0.00000500,SOL,03/06/2022,03/06/2022,0.00042283,0.00042283,0.00000000,Short Term
2.35940000,SOL,03/12/2022,03/12/2022,192.35000000,192.25158073,0.09841927,Short Term
0.15000000,SOL,04/21/2022,11/21/2022,1.77096093,16.52343000,-14.75246907,Short Term
0.00005212,SOL,07/13/2022,11/21/2022,0.00061530,0.00182022,-0.00120491,Short Term
0.00005177,SOL,07/16/2022,11/21/2022,0.00061119,0.00204813,-0.00143694,Short Term
0.00005129,SOL,07/19/2022,11/21/2022,0.00060559,0.00230335,-0.00169776,Short Term
0.00005061,SOL,07/23/2022,11/21/2022,0.00059746,0.00202772,-0.00143026,Short Term
0.00005149,SOL,07/25/2022,11/21/2022,0.00060792,0.00188929,-0.00128136,Short Term
0.00005096,SOL,07/28/2022,11/21/2022,0.00060164,0.00218787,-0.00158623,Short Term
0.00004996,SOL,07/31/2022,11/21/2022,0.00058984,0.00212293,-0.00153310,Short Term
0.00000500,SOL,08/03/2022,08/03/2022,0.00019299,0.00019299,0.00000000,Short Term
0.00005000,SOL,08/03/2022,11/21/2022,0.00059030,0.00192986,-0.00133956,Short Term
0.00004995,SOL,08/06/2022,11/21/2022,0.00058974,0.00200180,-0.00141206,Short Term
0.00004848,SOL,08/09/2022,11/21/2022,0.00057237,0.00195582,-0.00138345,Short Term
0.00004831,SOL,08/12/2022,11/21/2022,0.00057041,0.00219014,-0.00161973,Short Term
0.00004802,SOL,08/15/2022,11/21/2022,0.00056698,0.00210298,-0.00153600,Short Term
0.00004822,SOL,08/18/2022,11/21/2022,0.00056933,0.00191545,-0.00134612,Short Term
0.00002419,SOL,08/21/2022,11/21/2022,0.00028556,0.00088504,-0.00059948,Short Term
0.00005200,SOL,08/24/2022,11/21/2022,0.00061390,0.00182026,-0.00120636,Short Term
0.00005293,SOL,08/27/2022,12/30/2022,0.00050458,0.00167652,-0.00117194,Short Term
0.00004626,SOL,08/30/2022,12/30/2022,0.00044101,0.00146117,-0.00102016,Short Term
0.00005201,SOL,09/02/2022,12/30/2022,0.00049587,0.00162979,-0.00113392,Short Term
0.00005215,SOL,09/04/2022,11/21/2022,0.00061566,0.00168220,-0.00106654,Short Term
0.70750857,SOL,09/05/2022,11/21/2022,8.35313360,22.69687505,-14.34374146,Short Term
0.29249143,SOL,09/05/2022,12/30/2022,2.78850810,9.38312495,-6.59461685,Short Term
0.00005175,SOL,09/07/2022,11/21/2022,0.00061102,0.00169070,-0.00107968,Short Term
0.00038940,SOL,09/10/2022,12/30/2022,0.00371241,0.01000000,-0.00628759,Short Term
0.00039083,SOL,09/13/2022,12/30/2022,0.00372599,0.01000000,-0.00627401,Short Term
1.01243641,SOL,09/13/2022,11/21/2022,11.95323542,36.00000000,-24.04676458,Short Term
0.00038767,SOL,09/16/2022,12/30/2022,0.00369590,0.01000000,-0.00630410,Short Term
0.00066115,SOL,09/19/2022,12/30/2022,0.00630313,0.02000000,-0.01369687,Short Term
0.00065527,SOL,09/29/2022,12/30/2022,0.00624710,0.02000000,-0.01375290,Short Term
0.00064589,SOL,10/05/2022,12/30/2022,0.00615769,0.02000000,-0.01384231,Short Term
0.00070104,SOL,10/05/2022,12/30/2022,0.00668349,0.02000000,-0.01331651,Short Term
0.00070582,SOL,10/05/2022,12/30/2022,0.00672908,0.02000000,-0.01327092,Short Term
0.00069730,SOL,10/05/2022,12/30/2022,0.00664784,0.02000000,-0.01335216,Short Term
0.00066845,SOL,10/08/2022,12/30/2022,0.00637273,0.02000000,-0.01362727,Short Term
0.00069223,SOL,10/08/2022,12/30/2022,0.00659943,0.02000000,-0.01340057,Short Term
0.00069103,SOL,10/11/2022,12/30/2022,0.00658807,0.02000000,-0.01341193,Short Term
0.00069062,SOL,10/14/2022,12/30/2022,0.00658408,0.02000000,-0.01341592,Short Term
0.00068678,SOL,10/16/2022,12/30/2022,0.00654751,0.02000000,-0.01345249,Short Term
0.00069033,SOL,10/19/2022,12/30/2022,0.00658135,0.02000000,-0.01341865,Short Term
0.00065925,SOL,10/21/2022,12/30/2022,0.00628500,0.01000000,-0.00371500,Short Term
0.00066731,SOL,10/23/2022,12/30/2022,0.00636186,0.01000000,-0.00363814,Short Term
0.00067920,SOL,10/25/2022,12/30/2022,0.00647528,0.02000000,-0.01352472,Short Term
0.00066536,SOL,10/28/2022,12/30/2022,0.00634332,0.02000000,-0.01365668,Short Term
0.00068157,SOL,10/30/2022,12/30/2022,0.00649787,0.02000000,-0.01350213,Short Term
0.00066496,SOL,11/01/2022,12/30/2022,0.00633951,0.02000000,-0.01366049,Short Term
0.00067300,SOL,11/04/2022,12/30/2022,0.00641613,0.02000000,-0.01358387,Short Term
0.00069029,SOL,11/11/2022,12/30/2022,0.00658095,0.01000000,-0.00341905,Short Term
0.00067420,SOL,11/12/2022,12/30/2022,0.00642759,0.01000000,-0.00357241,Short Term
0.00015448,SOL,11/16/2022,12/30/2022,0.00147275,0.00226736,-0.00079462,Short Term
0.00000500,SOL,11/23/2022,12/30/2022,0.00004767,0.00007072,-0.00002306,Short Term
1.69404217,SOL,11/23/2022,12/30/2022,16.15038904,23.96222655,-7.81183751,Short Term
0.00012482,SOL,11/27/2022,12/30/2022,0.00119002,0.00184787,-0.00065786,Short Term
2.84400891,UMA,10/25/2021,11/21/2022,4.35205759,33.45937877,-29.10732118,Long Term
1.18800000,UMA,10/25/2021,11/21/2022,1.81794241,13.97665874,-12.15871632,Long Term
0.05200000,COMP,07/19/2021,01/02/2022,10.55702960,19.11458824,-8.55755864,Short Term
1.37512583,AVAX,10/24/2021,11/15/2022,18.16541221,89.11510281,-70.94969059,Long Term
0.17950848,AVAX,10/24/2021,11/21/2022,2.11593048,11.63305663,-9.51712615,Long Term
0.76000000,AVAX,10/24/2021,11/21/2022,8.95839107,49.25184056,-40.29344950,Long Term
0.11787417,AVAX,01/07/2022,11/15/2022,1.55711779,10.62000000,-9.06288221,Short Term
0.20300000,AVAX,01/09/2022,11/15/2022,2.68163000,17.46855600,-14.78692600,Short Term
0.15200000,AVAX,01/09/2022,11/15/2022,2.00792000,13.07376320,-11.06584320,Short Term
0.15200000,AVAX,04/04/2022,11/15/2022,2.00792000,14.09587200,-12.08795200,Short Term
0.01800000,AVAX,05/04/2022,11/21/2022,0.21217242,1.09988928,-0.88771686,Short Term
0.13700000,AVAX,05/13/2022,11/21/2022,1.61486786,4.77535968,-3.16049182,Short Term
0.69300000,AVAX,05/13/2022,11/21/2022,8.16863817,24.15565152,-15.98701335,Short Term
25.50000000,CRV,11/17/2021,11/19/2022,13.70431671,74.19572727,-60.49141056,Long Term
19.25000000,CRV,01/04/2022,01/05/2022,121.62631250,122.87660000,-1.25028750,Short Term
0.00800000,CRV,01/04/2022,01/04/2022,0.04984000,0.04984000,0.00000000,Short Term
7.90000000,CRV,01/04/2022,01/04/2022,48.51230000,49.26626627,-0.75396627,Short Term
1.20000000,DOT,11/26/2021,11/21/2022,6.25041736,44.87000000,-38.61958264,Short Term
0.99900000,DOT,04/01/2022,11/21/2022,5.20347245,22.14375408,-16.94028163,Short Term
0.00100000,DOT,04/01/2022,11/21/2022,0.00520868,0.02216592,-0.01695724,Short Term
1.00000000,DOT,04/21/2022,11/21/2022,5.20868114,19.35360000,-14.14491886,Short Term
1.00000000,DOT,05/01/2022,11/21/2022,5.20868114,15.19012000,-9.98143886,Short Term
0.98800000,DOT,05/12/2022,11/21/2022,5.14617696,9.30865936,-4.16248240,Short Term
2.00000000,DOT,09/05/2022,11/21/2022,10.41736227,14.83000000,-4.41263773,Short Term
1.00000000,UNI,09/09/2021,11/21/2022,5.12000000,25.45004051,-20.33004051,Long Term
2.09699547,CAKE,01/09/2022,01/09/2022,22.21781353,22.65826320,-0.44044968,Short Term
0.00025442,CAKE,01/09/2022,01/17/2022,0.00282705,0.00274899,0.00007805,Short Term
0.03896918,CAKE,01/17/2022,01/17/2022,0.43302157,0.44047316,-0.00745159,Short Term
0.00000079,CAKE,01/17/2022,01/17/2022,0.00000878,0.28677483,-0.28676605,Short Term
2.10788017,CAKE,01/17/2022,01/17/2022,23.42254859,0.00000000,23.42254859,Short Term
0.04407900,USTC,07/21/2021,01/08/2022,0.04429306,0.04412483,0.00016823,Short Term
0.05013100,USTC,01/08/2022,01/08/2022,0.05037446,0.05037446,0.00000000,Short Term
0.05013100,USTC,01/08/2022,01/08/2022,0.05037446,0.05037446,0.00000000,Short Term
0.11250000,USTC,01/08/2022,01/08/2022,0.11304634,0.11304634,0.00000000,Short Term
0.28834200,USTC,01/08/2022,01/08/2022,0.28974230,0.28974230,0.00000000,Short Term
0.05013100,USTC,01/08/2022,01/08/2022,0.05037446,0.05037446,0.00000000,Short Term
25.00000000,USTC,01/08/2022,01/08/2022,24.83166745,25.12140975,-0.28974230,Short Term
0.24128758,MIR,12/08/2021,01/02/2022,0.58915912,0.51518276,0.07397636,Short Term
0.33871242,MIR,01/02/2022,01/02/2022,0.82704428,0.00000000,0.82704428,Short Term
2.76000000,MIR,01/02/2022,01/02/2022,6.73917480,0.00000000,6.73917480,Short Term
3.34000000,MIR,01/02/2022,01/02/2022,8.17199470,0.00000000,8.17199470,Short Term
0.09653600,UST,07/21/2021,01/08/2022,0.00000000,0.10820712,-0.10820712,Short Term
0.00943600,UST,01/08/2022,03/12/2022,0.00000000,0.00000000,0.00000000,Short Term
0.06174300,UST,01/08/2022,03/12/2022,0.00000000,0.00000000,0.00000000,Short Term
24.90346400,UST,01/08/2022,01/08/2022,0.00000000,25.29493255,-25.29493255,Short Term
0.28834200,UST,01/08/2022,01/08/2022,0.00000000,0.29287458,-0.29287458,Short Term
0.00837200,UST,01/08/2022,01/09/2022,0.00000000,0.00850360,-0.00850360,Short Term
1.24524600,UST,01/08/2022,03/12/2022,0.00000000,1.26482057,-1.26482057,Short Term
47.77114428,UST,01/08/2022,01/13/2022,43.60000000,50.00000000,-6.40000000,Short Term
0.00586400,UST,01/09/2022,03/12/2022,0.00000000,0.00000000,0.00000000,Short Term
0.10145500,UST,01/18/2022,03/12/2022,0.00000000,0.00000000,0.00000000,Short Term
0.07423100,UST,01/18/2022,03/12/2022,0.00000000,0.00000000,0.00000000,Short Term
0.00000200,UST,01/18/2022,03/12/2022,0.00000000,0.00000000,0.00000000,Short Term
0.00006400,UST,01/18/2022,03/12/2022,0.00000000,0.00000000,0.00000000,Short Term
182.56370200,UST,03/12/2022,03/12/2022,0.00000000,175.83341424,-175.83341424,Short Term
0.25065700,UST,04/05/2022,04/05/2022,0.00000000,0.00000000,0.00000000,Short Term
15.00000000,UST,04/05/2022,04/05/2022,0.00000000,0.74934296,-0.74934296,Short Term
0.33081400,UST,05/17/2022,05/17/2022,0.33081400,0.00000000,0.33081400,Short Term
0.03510308,BADGER,04/19/2021,12/30/2022,0.06067823,1.57894322,-1.51826498,Long Term
3.06226608,BADGER,07/03/2021,01/17/2022,44.24000000,36.15637907,8.08362093,Short Term
1.20773400,BADGER,07/03/2021,12/30/2022,2.56605346,14.25979558,-11.69374212,Long Term
3.75716292,BADGER,07/03/2021,12/30/2022,6.49453071,44.36107227,-37.86654156,Long Term
2.68584775,BADGER,07/03/2021,12/30/2022,4.64268413,31.71198284,-27.06929870,Long Term
10.64790412,GRT,10/09/2021,01/02/2022,7.11219835,8.33383494,-1.22163659,Short Term
1.62790412,GRT,10/09/2021,01/05/2022,1.02774064,1.27411781,-0.24637717,Short Term
29.00000000,GRT,10/09/2021,01/05/2022,18.30849750,22.69753846,-4.38904096,Short Term
11.35209588,GRT,10/09/2021,01/05/2022,7.16689031,8.88498734,-1.71809703,Short Term
13.81101844,GRT,10/09/2021,08/29/2022,1.44127611,10.80952146,-9.36824534,Short Term
14.13000000,GRT,11/04/2021,01/02/2022,9.43804165,15.36535336,-5.92731171,Short Term
13.37209588,GRT,11/04/2021,01/02/2022,8.93180452,14.54118743,-5.60938291,Short Term
28.03000000,GRT,11/19/2021,01/02/2022,18.72245631,25.13105331,-6.40859700,Short Term
6.34000000,GRT,11/23/2021,01/02/2022,4.23476179,5.55238814,-1.31762635,Short Term
4.62000000,GRT,11/23/2021,01/02/2022,3.08589897,4.04606202,-0.96016305,Short Term
3.38000000,GRT,11/23/2021,01/02/2022,2.25764903,2.96010598,-0.70245695,Short Term
37.78000000,GRT,11/28/2021,01/02/2022,25.23490543,35.68517456,-10.45026913,Short Term
31.70000000,GRT,12/04/2021,01/02/2022,21.17380895,25.18457220,-4.01076325,Short Term
44.09214802,GRT,12/04/2021,08/29/2022,4.60132321,30.00000000,-25.39867679,Short Term
1.70000000,GRT,12/08/2021,01/05/2022,1.07325675,1.19125460,-0.11799785,Short Term
27.03000000,GRT,12/08/2021,01/05/2022,17.06478232,18.94094814,-1.87616582,Short Term
9.78000000,GRT,12/11/2021,01/13/2022,5.87661129,6.48773904,-0.61112775,Short Term
15.36000000,GRT,12/11/2021,01/13/2022,9.22952448,10.19088384,-0.96135936,Short Term
4.60000000,GRT,12/14/2021,05/04/2022,1.54227052,2.86472360,-1.32245308,Short Term
19.60000000,GRT,12/14/2021,05/04/2022,6.57141352,12.20621360,-5.63480008,Short Term
115.29000000,GRT,01/02/2022,01/05/2022,72.78574747,78.44758173,-5.66183425,Short Term
34.16000000,GRT,01/02/2022,01/13/2022,20.52607788,23.24372792,-2.71765004,Short Term
14.61000000,GRT,01/05/2022,01/13/2022,8.77886411,9.38783082,-0.60896671,Short Term
157.00000000,GRT,01/05/2022,05/04/2022,49.14266420,100.88223400,-51.73956980,Short Term
14.30000000,GRT,01/05/2022,05/04/2022,4.79444966,9.18863660,-4.39418694,Short Term
113.50000000,GRT,01/13/2022,05/04/2022,38.05384870,69.10197800,-31.04812930,Short Term
0.96000000,GRT,01/13/2022,08/29/2022,0.10018270,0.58447488,-0.48429218,Short Term
2.40818783,GRT,01/22/2022,08/29/2022,0.25131120,0.99000000,-0.73868880,Short Term
157.99000000,GRT,05/04/2022,08/31/2022,16.31667003,50.10128323,-33.78461320,Short Term
6.32000000,GRT,05/04/2022,08/31/2022,0.65270811,2.01564518,-1.36293707,Short Term
141.77543677,GRT,05/04/2022,08/29/2022,14.79525578,45.21661018,-30.42135440,Short Term
6.61456323,GRT,05/04/2022,08/31/2022,0.68312960,2.10959059,-1.42646099,Short Term
6.04320894,GRT,05/05/2022,08/29/2022,0.63065101,1.99000000,-1.35934899,Short Term
8.82661290,GRT,07/18/2022,07/18/2022,1.23441396,1.23441396,0.00000000,Short Term
35.75224014,GRT,07/18/2022,08/31/2022,3.69236980,5.00000000,-1.30763020,Short Term
290.09471592,GRT,08/29/2022,11/21/2022,15.49736356,30.00000000,-14.50263644,Short Term
507.26319663,GRT,08/31/2022,08/31/2022,52.38841825,54.14354891,-1.75513066,Short Term
206.70680337,GRT,08/31/2022,11/21/2022,11.04263644,22.06318139,-11.02054495,Short Term
0.00000001,GRT,11/21/2022,11/21/2022,0.00000000,0.00000000,0.00000000,Short Term
0.51334218,1INCH,11/25/2021,01/07/2022,1.10580756,4.36506262,-3.25925506,Short Term
0.00505502,1INCH,11/25/2021,01/07/2022,0.01088919,0.04339262,-0.03250343,Short Term
0.68000000,1INCH,11/25/2021,01/07/2022,1.46481075,5.83716407,-4.37235332,Short Term
1.73165948,1INCH,11/25/2021,01/07/2022,3.73022561,16.74179840,-13.01157279,Short Term
2.00000000,1INCH,11/25/2021,01/07/2022,4.30826690,19.00194119,-14.69367429,Short Term
13.34738072,DEGEN,06/29/2021,09/09/2022,11.78372645,47.50437935,-35.72065291,Long Term
0.61054079,DEGEN,06/29/2021,09/09/2022,0.53901554,2.17296277,-1.63394723,Long Term
15.66151949,DEGEN,07/03/2021,09/09/2022,13.82676237,55.94722069,-42.12045832,Long Term
31.43463823,DEGEN,07/03/2021,09/09/2022,27.75205005,112.29310433,-84.54105428,Long Term
0.31203362,Cake-LP,01/09/2022,01/09/2022,0.00000000,44.93228646,-44.93228646,Short Term
0.31203362,Cake-LP,01/17/2022,01/17/2022,0.00000000,0.45940127,-0.45940127,Short Term
